"Name","Calls","TotalDurationNs","AverageNs","Percentage"
CopyHostToDevice,10,5539551,553955,69.01822340916608
CopyDeviceToHost,14,2461064,175790,30.66282176592578
FillBuffer,6,25600,4266,0.31895482490812915
