"Name","Calls","TotalDurationNs","AverageNs","Percentage"
CopyHostToDevice,10,5454520,545452,68.60975350516001
CopyDeviceToHost,14,2469465,176390,31.062198862525022
FillBuffer,6,26080,4346,0.32804763231495593
