"Name","Calls","TotalDurationNs","AverageNs","Percentage"
CopyHostToDevice,10,5502942,550294,66.87536017433715
CopyDeviceToHost,14,2699632,192830,32.80769856163596
FillBuffer,6,26080,4346,0.31694126402689915
