"Name","Calls","TotalDurationNs","AverageNs","Percentage"
CopyHostToDevice,10,5690907,569090,68.89656194363391
CopyDeviceToHost,14,2543727,181694,30.795450500806652
FillBuffer,6,25440,4240,0.30798755555942964
